Job Title,Salary Estimate,Job Description,Rating,Company Name,Location,Headquarters,Size,Founded,Type of ownership,Industry,Sector,Revenue,Competitors
Data Scientist 1,₹307K-₹737K (Glassdoor est.),"Specific responsibilities include:
Provide analytical insights by analyzing various types of data, including mining our customer data, review of relevant cases/samples, and incorporation of feedback from teammates.
Work closely with business partners and stakeholders to determine how to design analysis, testing, and measurement approaches that will significantly improve our ability to understand and address emerging business issues.
Produce intelligent, scalable, and automated solutions by leveraging Data Science skills.
Work closely with Technology teams on development of new capabilities to define requirements and priorities based on data analysis and business knowledge.
Developing expertise in specific areas by leading analytical projects independently, while setting goals, providing benefit estimations, defining workflows, and coordinating timelines in advance.
Providing updates to leadership, peers and other stakeholders that will simplify and clarify complex concepts and the results of analyses effectively with emphasis on the actionable outcomes and impact to business.
Qualifications
Masters degree in Statistics, Analytics, or Data Science
2-3 years of professional experience in solving problems using data-driven approach
High proficiency in SQL. Experience with Python, R, Unix, Hadoop
Collections and Digital Channels experience a plus
Strong organizational skills and excellent follow-through
Outstanding written, verbal and interpersonal communication skills
High emotional intelligence, a can-do mentality and a creative approach to problem solving
Experience with working in a technology environment",3.9,"Paypal
3.9",Bangalore,-1,10000+ Employees,1998,Company - Public,Internet,Information Technology,$10+ billion (USD),-1
Data Scientist,"₹417K-₹1,000K (Glassdoor est.)","If you are a data junkie who would like to wrangle through huge data sets of usage, stats, clickstreams, free text feedbacks and more to predict the user experience, adoption and retention. You like to solve complex and challenging problems and articulate the results in a lucid manner. Then we’ve got the problem for you and the data to solve it.

In your role as data scientist you will :
Select features, building and optimizing classifiers using machine learning techniques
Build statistical/machine learning models to extract insights
Create automated anomaly detection systems and constant tracking of its performance
Collaborate with subject matter experts to determine relevant data sources
Communicate the insights/recommendations to a wide spectrum of stake holder
Act as a mentor to guide/train less experienced folks
Desired Skills and experience:
B.E/Masters in Computer science/Statistics or equivalent
At least 5 years of experience in predictive modelling, strong knowledge of machine learning algorithms.
Strong in R,Python (numpy, scipy etc)
Very strong SQL and data visualization
Exposure to Big Data platforms such as Spark, Mahout, Scala, AWS machine learning is a plus
Great communications skills
Verizon recently acquired BlueJeans and plans to integrate BlueJeans employees into Verizon, including its compensation and benefits programs, in due course. This position will be part of that planned integration.",3.1,"BlueJeans
3.1",Bangalore,-1,201 to 500 Employees,2009,Company - Private,Enterprise Software & Network Solutions,Information Technology,Unknown / Non-Applicable,-1
Data Scientist,₹698K-₹960K (Glassdoor est.),"Relocation Assistance Offered Within Country
# 93100 - Mumbai, Maharashtra, India

What is the PURPOSE of your role?

This role is encouraged to apply strong expertise in artificial intelligence through use of machine learning, data mining, and information retrieval to design, prototype and build next generation sophisticated analytics engines and services. This role will work to define the technical problem statement and hypothesis to test; develop efficient and accurate analytical models that mimic business decisions and incorporate them into analytical data products or tools with the support of a multi-functional team.

Core responsibilities of this role
To Work with translators to identify business problems that can be addressed by analytics
Participates in diagnostic & use case roadmap creation
Optimally communicate the analytics approach and how it will meet and address objectives to business partners
Advocate and educate on the value of data driven decision making focusing on the “how and why” of solving problems
Defines data lifecycles, including data sources, frequency and process for ongoing model upgrades
Collaborates with the team to shape use cases and guide them towards defining data standards and identifying new data sources
Integrating work into applications and tools with data engineers, business leads, analysts and developers
Create repeatable, interpretable, dynamic and scalable models that are seamlessly incorporated into analytic data products
Engineer features by using your business acuity that will improve analytical models and are easy to interpret
Explains principles and approaches to senior management in a non-technical manner
Demonstrated ability to plan model upgrades with takeaways from field
Takes an active role in crafting analytical (e.g., code libraries) and data (e.g., external or partnership based data) assets
What expertise are we looking for?
Must have
Academics: Bachelor’s in Data Science, Computer Science, Engineering, Statistics
Prior Experience:
Minimum 2+ years’ experience in programming Languages - Python and/or R
Must have experience in running use cases in the sales analytics/ eCommerce domain

Technology Expertise
We need SQL implementations (PostgreSQL, MySQL, Oracle, DB2)
We need basic proficiency on ML techniques - clustering, decision tree learning, naïve Bayes, support vector machines, Q-learning, temporal difference, adversarial networks, and neural networks
Basic proficiency of data visualization techniques & tools - Visualizing sophisticated insights using Plotly, matplotlib, ggplot2, etc.; experience with dash boarding tools desired (e.g., Shiny, Dash, Tableau)
Should have some familiarity with data engineering tools & techniques.
To build data pipeline on GCP
Frameworks including TensorFlow, Theano, CNTK, scikit-learn, Caffe, Keras, Spark MLlib
Statistical Tools & Concepts:
Good understanding of statistical concepts including descriptive analysis, experimental design, Bayesian statistics, sub-setting, and regression.
Data mining techniques including generalized linear model/regression, random forest, boosting, trees, text mining, social network analysis, dimensionality reduction algorithms

Equal Opportunity Employer
Colgate is an equal opportunity employer and all qualified applicants will receive consideration for employment without regard to race, color, religion, gender, gender identity, sexual orientation, national origin, ethnicity, age, disability, marital status, veteran status (United States positions), or any other characteristic protected by law.
Are you interested in working for Colgate-Palmolive? You can apply online and attach all relevant documents such as a cover letter and resume or CV. Applications received by e-mail are not considered in the selection process. Become part of our team. We look forward to your application.
Colgate-Palmolive is a leading global consumer products company, tightly focused on Oral Care, Personal Care, Home Care and Pet Nutrition. Colgate sells its products in over 200 countries and territories around the world under such internationally recognized brand names as Colgate, Palmolive, elmex, Tom’s of Maine, Sorriso, Speed Stick, Lady Speed Stick, Softsoap, Irish Spring, Protex, Sanex, Elta MD, PCA Skin, Ajax, Axion, Fabuloso, Soupline and Suavitel, as well as Hill’s Science Diet and Hill’s Prescription Diet.
For more information about Colgate’s global business, visit the Company’s web site at http://www.colgatepalmolive.com. To learn more about Colgate Bright Smiles, Bright Futures® oral health education program, please visit http://www.colgatebsbf.com. To learn more about Hill's and the Hill’s Food, Shelter & Love program please visit http://www.hillspet.com. To learn more about Tom’s of Maine please visit http://www.tomsofmaine.com.
Reasonable accommodation during the application process is available for persons with disabilities. Please contact Application_Accommodation@colpal.com with the subject ""Accommodation Request"" should you require accommodation.",4.1,"Colgate-Palmolive
4.1",Mumbai,-1,10000+ Employees,1806,Company - Public,Consumer Products Manufacturing,Manufacturing,$10+ billion (USD),-1
Data Scientist,₹480K-₹720K (Glassdoor est.),"Location


Pune

Office Address

Project Description


Client is establishing a centralized team to develop digital transformation products and services. This role would be part of associated projects contributing towards development of such products or services

Responsibilities

Data Scientists to support the analysis of the data and the preparation of additional big data and data
analysis technologies like data modelling, wrangling, pipelines, implementation or building machine learning models
Review and IT testing of methodology to match clients via name matching
Mandatory experience in one or more of following-
a. Data modelling, wrangling, pipelines implementation or building machine learning models
b. Machine learning/Natural Language processing related projects
b. Familiarity with assembling and analyzing data sets from disparate sources, applying quantitative methodologies, computational frameworks and systems
c. Identifying the best methodologies in analytics/Machine Learning for the specific problem to solve
d. Developing reliable, autonomous and scalable data pipelines

Skills


Must have
PySpark, Data Science, Bash-scripting, Apache Spark, R Programming Language, SQL, Python, Banking, Hadoop, HDFS
Nice to have
Agile Methodology, Java, NoSQL, Scala, DevOps, Big Data

Languages


English: A1 Beginner

Relocation package


If needed, we can help you with relocation process. Click here for more details: see more details

Work Type

Data Science

Ref Number

VR-53471",4.2,"Luxoft
4.2",Pune,-1,10000+ Employees,2000,Company - Public,IT Services,Information Technology,Unknown / Non-Applicable,-1
Data Scientist,₹477K-₹640K (Glassdoor est.),"Amazon strives to be Earth's most customer-centric company where people can find and discover anything they want to buy online. We hire the world's brightest minds, offering them a fast paced, technologically sophisticated, and friendly work environment.

The FinAuto Anomaly Detection team, part of Finance Automation Org focuses on building application with machine learning models to identify and prevent theft, fraud, abusive and wasteful financial transactions across the company. As a Data Scientist in the team, you will be driving the analytics roadmap and will provide descriptive and predictive solutions to the development and business stakeholders through a combination of data mining techniques as well as statistical and machine learning techniques for segmentation and prediction. You will need to collaborate effectively with internal stakeholders, cross-functional teams to solve problems, create operational efficiencies, and deliver successfully against high organizational standards.

Major responsibilities:
· Understand the business reality and discover actionable insights from large volumes of data.
· Develop statistical and machine learning models to identify theft, fraud, abusive, or wasteful transactions.
· Innovate by adapting new modeling techniques and procedures
· Use code (Python, SQL, etc.) to analyze data and build statistical and machine learning models and algorithms.
· Identify and prevent theft, fraud, abusive and wasteful transactions.
· Partner with developers and business teams to test your models in production.

Basic Qualifications

· 5+ years of experience in software development of large-scale data infrastructure and distributed systems
· 5+ years of experience in data extraction, transformation, statistical analysis and data modeling
· 5+ years of experience developing enterprise software using Java or Python
· 3+ years of experience in applying Data Mining and Machine Learning techniques to solve business problems
· 3+ years of experience using major RDBMS, Hadoop, Spark, Elasticsearch, or similar technologies
· 3+ years of experience with statistical modeling tools such as R, SAS, SciKit-learn, or TensorFlow
· Bachelors degree in Computer Science, Computer Engineering, Machine Learning, or related field or equivalent experience.

Preferred Qualifications

· Masters degree in Computer Science, Computer Engineering, Machine Learning, or related field; PhD a plus
· Deep expertise in Statistics, Machine Learning or related disciplines
· Advanced knowledge in performance, scalability, numerical accuracy, enterprise system architecture, best practices.
· Experience building solutions using AWS big data and machine learning services
· Ability to communicate complex technical concepts and solutions to all levels of the organization",4.3,"Amazon
4.3",Hyderābād,-1,10000+ Employees,1994,Company - Public,Internet,Information Technology,$10+ billion (USD),-1
Data Scientist - Machine Learning,₹421K-₹968K (Glassdoor est.),"The Yantriks Data Science and Machine Learning team works closely with sales, product and engineering teams to design and implement the next generation of retail solutions. Data Science team members bear the heavy burden of turning both small, sparse and massive data into actionable insights with measurable improvements to the customer bottom line. They use rigorous analysis and repeatable processes to implement both black box and interpretable models.

Responsibilities:
Under guidance, or independently, design and implement machine learning models by
Procuring data from platform, client and public data sources
Implementing data enrichment and cleansing routines
Implementing features, preparing modeling data sets, feature selection, etc.
Evaluating candidate models, selecting and reporting on test performance of final one
Ensuring proper runtime deployment of models, and
Implementing runtime monitoring of model inputs and performance in order to ensure continued model stability
Work with product, sales and engineering teams helping shape up the final solution
Use data to understand patterns, come up with and test hypothesis; iterate
Help prepare sales materials, estimate hardware requirements, etc.
Required Skills & Experience:
Bachelor’s Degree in Computer Science or related fields
2+ years of data science experience, retail setting preferred
3+ years of Python programming experience
Familiarity with Big Data tech such as Hadoop and Spark
Working knowledge of data science and machine learning foundations
Experience working with some of the following frameworks and libraries: Pandas, Numpy, sklearn, Keras, Tensorflow, Jupyter, Matplotlib etc.
Supply Chain Nation

Our Values

If you want to know the heart of a company, take a look at their values. Ours unite us. They are what drive our success – and the success of our customers. Does your heart beat like ours? Find out here: Core Values

Check out Blue Yonder's blog - Supply Chain Nation - the platform for supply chain trends and innovations.

All qualified applicants will receive consideration for employment without regard to race, color, religion, sex, sexual orientation, gender identity, national origin, disability or protected veteran status.",4.4,"Blue Yonder
4.4",Bangalore,-1,5001 to 10000 Employees,1985,Company - Private,Enterprise Software & Network Solutions,Information Technology,$1 to $2 billion (USD),-1
Data Scientist,₹359K-₹580K (Glassdoor est.),"When everything's connected, how we connect is everything… and we'd like to connect with you too! We are looking for you to help us deliver exceptional customer experiences as a Data Scientist.
At TTEC Digital, we combine human insight and the speed of technology to transform our clients’ interactions with their customers. Advanced analytics of the customer experience and customer interactions is our expertise.
Check out our website below to learn more about what we do and how we help our clients.
What you’ll be doing
This person will be a part of our Global Data Science Center focused on helping our clients find and seize opportunities in their markets.

Support the development of consulting products such as proprietary customer experience scores and marketing optimization solutions
Maintain our stellar reputation with our clients and drive >80 client NPS
Leverage a mixture of data science methods such as SVM, neural nets, decision trees, and regression models to deliver proprietary uplift model solutions
Support the introduction and advancement of decision science throughout our contact center engagement
Recommend and introduce new methods where relevant
Resource Planning
Recommend required resources to managers
Align required resources to client schedules
Mentor data engineers and architects on requirements
Develop requirements and technical specifications documents for use by engineers

Delivery
Recommend project timelines to managers
Drive on-time delivery and identify and escalate risks to managers
Support attainment of annual goals for client satisfaction
Deliver your own solutions while collaborating on other projects

What you’ll bring to the role
Masters in Statistics, Economics, IE/OR, Computer Science, Applied Mathematics or related field is required; PhD is a plus
1-5 years' experience delivering advanced analytics solutions since graduate program
Ability to translate client requests into approach statements and project plans
Ability to work in a highly collaborative, team-oriented environment
Ability to identify effective, relevant statistical and/or mathematical methods to solve complex business problems
Expert at data wrangling both structured and unstructured data
Experience delivering solutions using regression modeling or machine learning techniques; experience with both is desired
Expert in developing and implementing predictive analytics solutions in one or more of the following languages: R or Python experience with SAS is desired
Experience delivering solutions using large datasets (multi-Gb or larger)
Experience in MS Office suite of products, especially Excel and Powerpoint
Ability to work within any modern big data environment (AWS, MS Azure, SAP Hana, etc.) is desired
Experience with text analytic or speech analytic is desired.
Experience with one or more modern social listening tools (Crimson Hexagon, TheySay, etc.) is desired
What skills you’ll need:
Excellent analytic and data-driven thinking skills
Strong communication skills and an ability to work successfully in a distributed workforce
Creative problem solving and an understanding of analytics workflows
Strong background in consulting a plus

About TTEC
We help global brands provide a great experience to their customers, build customer loyalty, and grow their business. We were founded on one guiding principle: customer experiences that are simple, inspired, and more human deliver lasting value for everyone. Your role brings that principle to life.",3.5,"TTEC
3.5",Hyderābād,-1,10000+ Employees,1982,Company - Public,Staffing & Outsourcing,Business Services,$1 to $2 billion (USD),-1
Data Scientist,₹443K-₹697K (Glassdoor est.),"Position Title
Data Scientist

12-Nov-2020

Job ID
303875BR

Job Description
Novartis Business Services IT (NBS IT) is working to support Novartis to deliver better patient outcomes through innovative use of information and technology. As technology is reshaping the healthcare industry, IT will be a differentiator for our businesses, inspiring new ideas and enabling Novartis to reimagine medicine.
To continue to add even greater value for the business we need to have the right people with the right capabilities.
We need to be customer-oriented and focus on bringing the best services and solutions to the business – both globally and locally – to support our patients.
NBS IT offers this extraordinary work experience with a real opportunity to develop in a highly fast-paced technology-driven environment where collaboration and innovation are at the heart of who we are and what we do.
Science, innovation & technology are central to the Novartis mission of caring & curing patients. We have a clear understanding and deep commitment that IT will be a critical factor in our future success.

•Collaborate in multi-functional teams to evaluate business activities, and then develop innovative and effective approaches to seek team’s analytics problems and communicate results and methodologies.
•Ability to initiate and drive projects from conception to completion with minimal direction.
•Innovates and recommends sophisticated predictive analytics, computational science, Natural Language Processing (NLP), machine learning and deep learning techniques to answer research questions and synthesize insights that achieve business objectives.
•Establishes scalable, efficient, automated solutions for large scale data analyses, model development, model validation and model implementation. Works to translate prototypes into new products, services, and features and provide guidelines for large-scale implementation.
•Ability to build and fine tune algorithms that scale up from small-scale proof-of-concept stage to full production systems.
•Build knowledge artifacts of business problems that were solved with sophisticated analytics techniques which can be published in journals. Excellent quantitative skills and the ability to tell a story using data

Minimum requirements
•PhD. or Masters from top University in Statistics, Operational Research, Computer Science or in a quantitative field.
•SQL, Python, R, Scala, Tensor Flow, Pytorch are Mandatory Qlikview/Tableau/Spotfire but not limited to these are good to have
•2+ years after PHD or 5+ years after Masters
•In predictive modeling and large data analysis
•In data querying languages (e.g. SQL), scripting languages (e.g. Python, R, Scala), or deep learning libraries (e.g. tensorflow, pytorch).
•Expertise in at-least some visualization tools such as Qlikview, Spotfire, Tableau (but not limited to these) for designing insights is good to have

Why consider Novartis?

799 million. That’s how many lives our products touch. And while we’re proud of that fact, in this world of digital and technological transformation, we must also ask ourselves this: how can we continue to improve and extend even more people’s lives?

We believe the answers are found when curious, courageous and collaborative people like you are brought together in an inspiring environment. Where you’re given opportunities to explore the power of digital and data. Where you’re empowered to risk failure by taking smart risks, and where you’re surrounded by people who share your determination to tackle the world’s toughest medical challenges.

Imagine what you could do at Novartis!

Job Type
Full Time

Country
India

Work Location
Hyderabad, AP

Functional Area
Data Science

Division
NBS

Business Unit
IT NBS

Employment Type
Regular

Company/Legal Entity
Nov Hltcr Shared Services Ind

Shift Work
No",4.1,"Novartis
4.1",Hyderābād,-1,10000+ Employees,1996,Company - Public,Biotech & Pharmaceuticals,Biotech & Pharmaceuticals,$10+ billion (USD),-1
"Associate/Senior Associate, Data processing",₹461K-₹911K (Glassdoor est.),"Job Summary

GLG is seeking a highly motivated and enthusiastic individual to join the new Data Processing operation that supports the GLG Surveys team. GLG Surveys is responsible for designing and executing quantitative research projects across various industry verticals, population geographies, and client types.

Full Job Description

Position Overview:

GLG is seeking a highly motivated and enthusiastic individual to join the new Data Processing operation that supports the GLG Surveys team. GLG Surveys is responsible for designing and executing quantitative research projects across various industry verticals, population geographies, and client types. Major examples of projects include surveys and flash polls of GLG's council members to supplement the qualitative insights provided through GLG's 1-on-1 learning products.

Reporting to the Manager, Data Processing, this role will work with the wider Surveys team to help provide a set of standard deliverables every GLG Survey to a high quality and fast turnaround. The ideal candidate will thrive in a fast-growing global operation and will have some experience in working with data.

Responsibilities will include, but not be limited to:
Create standard reports that based on data collected by the Surveys team, typically working in Excel and PowerPoint but also using other analytical software.
Collaborate with the wider Surveys teams execute and deliver clients' needs, framing data sets to deliver better results for further analysis.
Deliver exceptional service support to internal clients within GLG, gain an understanding of client needs, communicate in a responsive and effective manner, and build personal rapport.
Interact with global Surveys colleagues to understand the best structure to prepare for most efficient data delivery of each client project.
Deliver high volume of standard reports that support clients' understanding of survey results, often working with large datasets.
Consistently hit fast-paced deadlines and juggle multiple priorities. Plan and prioritize to hit deadlines in conditions that may change rapidly or involve ambiguity.
An ideal candidate will have the following:
Required education: Any Graduate and above
Some experience in research and data analysis preferred
Should be willing to work in regular night shifts
Experience with Excel and PowerPoint; familiarity with at least one data visualization software tool a plus
Excellent attention to detail along with a strong work ethic and desire to go the extra mile.
Ability to build strong and positive relationships with colleagues
About GLG / Gerson Lehrman Group

GLG is the world's knowledge marketplace. Our clients rely on GLG's global team to connect with powerful insight across fields from our network of 700,000+ experts (and the hundreds of new experts we recruit every day).

We serve thousands of the world's best businesses, from Fortune 500 corporations to leading technology companies to professional services firms and financial institutions. We connect our clients to the world's largest and most varied source of first-hand expertise, including executives, scientists, academics, former public-sector leaders, and the foremost subject matter specialists.

GLG's industry-leading compliance framework allows clients to learn in a structured, auditable, and transparent way, consistent with their own internal compliance obligations and the highest professional ethical standards. Our compliance standards are a major competitive differentiator and key component of the company's culture.

To learn more, visit www.GLG.it.",3.6,"GLG
3.6",Gurgaon,-1,1001 to 5000 Employees,1998,Company - Private,Membership Organizations,Business Services,Unknown / Non-Applicable,-1
Data Scientist - Technology Development,₹350K-₹679K (Glassdoor est.),"Relocation Level: Domestic

Hiring Manager: Scott Gatzemeier

Recruiter: RAGHUNATH RAO PASUPULATY

Micron Technology’s vision is to transform how the world uses the information to enrich life, and our commitment to people, innovation, tenacity, collaboration, and customer focus allows us to fulfill our mission to be a global leader in memory and storage solutions. This means conducting business with integrity, accountability, and professionalism while supporting our global community.

Are you experienced in applying machine learning and statistical data analysis techniques to extract intelligence from large data sets?

We are seeking a Data Scientist capable of using machine learning and statistical techniques to build state-of-the-art data products (predictive analytics, prescriptive solutions, decision support, and decision automation data systems) using extensive and diverse Big Data sets from our technology development and manufacturing teams.

As a Data Science Engineer at Micron, you will employ techniques and theories drawn from areas of mathematics, statistics, semiconductor physics, materials science, and information technology to uncover patterns in data from which predictive models, actionable insights, and solutions can be developed.

You will interact with experienced Data Scientists, Data Engineers, Business Areas Engineers, and UX teams to identify questions and issues for data analysis projects and improvement of existing tools. In this position, you will help develop software programs, algorithms and/or automated processes to cleanse, integrate, and evaluate large datasets from multiple disparate sources. There will be significant opportunities to perform exploratory and new solution development activities.

Qualifications:
Strong desire to grow a career as a Data Scientist in highly automated industrial manufacturing doing analysis and machine learning on terabytes and petabytes of diverse datasets.
Experience in the areas: statistical modeling, feature extraction and analysis, supervised/unsupervised/semi-supervised learning. Exposure to the semiconductor industry is a plus but not a requirement.
Ability to extract data from different databases via SQL and other query languages and applying data cleansing, outlier identification, and missing data techniques.
Strong software development skills.
Strong verbal and written communication skills.
Experience with or desire to learn:
Machine learning and other advanced analytical methods
Fluency in Python and/or R
pySpark and/or SparkR and/or SparklyR
Hadoop (Hive, Spark, HBase)
Teradata and/or another SQL databases
Tensorflow, and/or other statistical software including scripting capability for automating analyses
SSIS, ETL
Javascript, AngularJS 2.0, Tableau
Experience working with time-series data, images, semi-supervised learning, and data with frequently changing distributions is a plus
Experience working with Manufacturing Execution Systems (MES) is a plus
Existing papers from CVPR, NIPS, ICML, KDD, and other key conferences are plus, but this is not a research position
Education:


B.S. in Mathematics, Computer Science, Data Science and Physics.

M.S. or Ph.D. with specialization in Data analytics, mathematics, Physics, Statistics, computer science.

Experience:


5+ years to data science and machine learning.

Location: Hyderabad


Join an inclusive team passionate about one thing: using their expertise in the relentless pursuit of innovation for customers and partners. The solution we build helps make everything from virtual reality experiences to breakthroughs in neural networks possible. We do it all while contributing to integrity, sustainability, and giving back to our communities. Because doing so can spark the very innovation we are pursuing.

All qualified applicants will receive consideration for employment without regard to race, color, religion, sex, sexual orientation, gender identity, national origin, veteran or disability status.

Keywords: Hyderabad || Andhra Pradesh (IN-AP) || India (IN) || Technology Development || Experienced || Regular || Engineering || #LI-RR1 || Tier 4 ||",3.7,"Micron Technology
3.7",Hyderābād,-1,10000+ Employees,1978,Company - Public,Computer Hardware & Software,Information Technology,$10+ billion (USD),-1
Business Analyst - Data Science,₹479K-₹700K (Glassdoor est.),"With a startup spirit and 90,000+ curious and courageous minds, we have the expertise to go deep with the world’s biggest brands—and we have fun doing it. Now, we’re calling all you rule-breakers and risk-takers who see the world differently, and are bold enough to reinvent it. Come, transform with us.
Are you the one we are looking for?
We are inviting applications for the role of BA, Data Science
In this role, you will be responsible to demonstrate innovation and intuition in identifying areas requiring operational adaptation and/or improvement Active user of Internet and online applications.
Responsibilities
Collaborate with multiple business functions to identify their priorities and help clients make appropriate strategic decisions aligned with the business plan for the year.
Analyze functional requirements of clients to build models using Python/R and make data-driven & important metric focused recommendations.
Organize / actively engaged in workshops, recurring meetings with the key partners to drive Inventory reduction opportunities.
Document the end to end process, project scope, requirements to prepare a detailed project with timelines & deliverables during each time period.
Design & consistently monitor business important metrics report it out to partner and participate / support executive governance meetings with all information & data.
Qualifications we seek in you!
Minimum qualifications
Graduate(BE)
Experience in Python/R and basics SAP Knowledge.
Preferred qualifications
Experience in data mining, analysis and reporting.
Analytical/ Problem Solving attitude with superb communication & interpersonal skills
Customer centric approach Proven proficiency with written and oral English language
Strong attention to detail.
Genpact is an Equal Opportunity Employer and considers applicants for all positions without regard to race, color, religion or belief, sex, age, national origin, citizenship status, marital status, military/veteran status, genetic information, sexual orientation, gender identity, physical or mental disability or any other characteristic protected by applicable laws. Genpact is committed to creating a dynamic work environment that values diversity and inclusion, respect and integrity, customer focus, and innovation. For more information, visit www.genpact.com. Follow us on Twitter, Facebook, LinkedIn, and YouTube.",3.8,"Genpact
3.8",Bangalore,-1,10000+ Employees,1997,Company - Public,IT Services,Information Technology,$2 to $5 billion (USD),-1
Data Scientist - NLP,₹436K-₹634K (Glassdoor est.),"27-Nov-2020

Job ID
297627BR
{""QuestionName"":""Job Description"",""AnswerValue"":""70 tactical buyers are supporting both commercial and NTO towers out of Prague NGSC, covering region Europe, Switzerland, Middle East and North Africa.

Your responsibilities include, but are not limited to:

• Think creatively, conceptualize and lead projects resulting in substantial long-term impact on the company’s vision in many key strategic areas such as drug discovery/manufacturing, product launches, determining optimal treatment plans/courses, expanding patient access, predictive/precision medicine, risk mitigation, business growth, brand management, product life cycle, data strategy etc.
• Design, develop and deliver various data science based insights, outcomes and innovation (using mathematics, computer science, statistics, engineering, management science, technology, economics, etc) and create “proof of concepts & blueprints” to drive faster, timely, highly precise, workable and proactive decision making based on data based insights and science and shape strategic glidepath of the company.
• Lead successful cross-functional collaborations with significant execution rigor, customer focus and “Data to Decision” thinking.
• Demonstrate a comprehensive view of science and technology and deliver a compelling enterprise vision of how Data, Digital & Artificial Intelligence can contribute to providing quantum in leap in building foundational/groundbreaking capabilities transcending a wide spectrum of areas such as research/science, drug discovery/development, commercial, procurement, technology, product, brand, business, strategy, analytics, operations, risk/compliance, legal, etc and propel growth and performance.
• Design and develop state-of-the-art, data-driven analysis, models and decision strategies to solve science and business problems. Choose and apply appropriate predictive analytic technologies (such as statistical modeling, neural networks, scorecards, machine learning, pattern recognition and artificial intelligence) heavily injected with domain expertise. Appropriately question the veracity and business relevance of data, assumptions, and results and use of solution at all steps of the process. The outcome is improved performance through the design, development, and deployment of project deliverables.
• Own adoption, execution and integration of data science based solution end to end all the way from discovery to launch/post-launch and also into business, design, product, delivery, operations, marketing, brand management, research and technology roadmaps.

Position Title
Data Scientist - NLP",4.1,"Novartis
4.1",Hyderābād,-1,10000+ Employees,1996,Company - Public,Biotech & Pharmaceuticals,Biotech & Pharmaceuticals,$10+ billion (USD),-1
Staff Big Data Engineer,₹420K-₹820K (Glassdoor est.),"Vista Equity Partners is the world's leading private equity firm for Enterprise Software and recently invested $1.5B in the Reliance Jio Digital Platform. As part of the Vista portfolio, Integral Ad Science (IAS) is a NYC-headquartered global technology and data company that
builds verification, optimization, and analytics solutions for the advertising industry. We are looking for a Staff Big Data Engineer to join our new and fast-growing Engineering team in Pune. If you are excited by technology that has the power to handle hundreds of thousands of transactions per second; collect tens of billions of events each day; and evaluate thousands of data-points inreal-time all while responding in just a few milliseconds, then IAS is the place for you!

We are looking for an experienced Staff Big Data Engineer to join our Data Engineering team. This position will be the Senior technical resource driving architecture for the integration of large 3rd party partner integrations with companies like Facebook, Google and Twitter to name a few. The ideal candidate is naturally curious, dedicated, detail-oriented with a strong desire to work with awesome people in a highly collaborative environment. This position will require the ability to own and lead data initiatives on a cross-functional team.

What you'll do:
Migrate existing data pipelines from on-prem regional data centers to AWS and GCP.
Architect a new modern event driven architecture with both batching and streaming
Adjust existing pipelines to fit the AWS processing model such as integration with S3, migrate to open source version of hadoop, adjustments to security model, etc...
Working on Big Data technologies such as Hadoop, MapReduce, Kafka, and/or Spark in columnar databases
Architect, design, code and maintain components for aggregating tens of billions of daily transactions
Lead the entire software lifecycle including hands-on development, code reviews, testing, deployment, and documentation for streaming and batch ETL's and RESTful API's
Partner and work closely with the QA Engineers to develop automated tests
Participate in training and mentoring of junior team members
Apply if you have most of this:
8+ years of experience designing and building data-intensive applications
4+ years architecting systems in a big data ecosystem using MapReduce, Spark, MPP Data Warehouses, and sql/nosql databases.
5+ years with object oriented languages (Java, Scala, Python)
2+ years experience building production level systems in a cloud environment (AWS or GCP)
Excellent interpersonal and communication skills in English
Proven experience leading the design and execution of event driven architectures for distributed systems
Experience designing systems for performance, scalability, and reliability
In-depth understanding of object oriented programming concepts
Low level working knowledge of collections, multi-threading, JVM memory model, etc.
Database fundamentals and SQL
Understanding the full software development life cycle, agile development and continuous integration
Ability to clearly communicate with team-members in a cross-matrix environment
What puts you over the top:
Built systems in a containerized environment with familiarity in Docker, ECS, Kubernetes
Exposure to Data Warehousing solutions like Snowflake and BigQuery
Prior ad tech experience
About Integral Ad Science

Integral Ad Science (IAS) is the global market leader in digital ad verification, offering technologies that drive high-quality advertising media. IAS equips advertisers and publishers with both the insight and technology to protect their advertising investments from fraud and unsafe environments as well as to capture consumer attention, and drive business outcomes. Founded in 2009, IAS is headquartered in New York with global operations in 18 offices across 13 countries. IAS is part of the Vista Equity Partners portfolio of software companies. For more on how IAS is powering great impressions for top publishers and advertisers around the world, visit integralads.com.

Equal Opportunity Employer:

IAS is an equal opportunity employer, committed to our diversity and inclusiveness. We will consider all qualified applicants without regard to race, color, nationality, gender, gender identity or expression, sexual orientation, religion, disability or age. We strongly encourage women, people of color, members of the LGBTQIA community, people with disabilities and veterans to apply.

California Applicant Pre-Collection Notice:

We collect personal information (PI) from you in connection with your application for employment or engagement with IAS, including the following categories of PI: identifiers, personal records, commercial information, professional or employment or engagement information, non-public education records, and inferences drawn from your PI. We collect your PI for our purposes, including performing services and operations related to your potential employment or engagement. For additional details or if you have questions, contact us at compliance@integralads.com.

To learn more about us, please visit http://integralads.com/ and https://muse.cm/2t8eGlN

Attention agency/3rd party recruiters: IAS does not accept any unsolicited resumes or candidate profiles. If you are interested in becoming an IAS recruiting partner, please send an email introducing your company to recruitingagencies@integralads.com. We will get back to you if there's interest in a partnership.",3.4,"Integral Ad Science
3.4",Pune,-1,501 to 1000 Employees,2009,Company - Private,Internet,Information Technology,$100 to $500 million (USD),-1
Data Scientist II,₹480K-₹832K (Glassdoor est.),"Hundreds of millions of customers, billions of transactions, petabytes of data How to use the worlds richest collection of e-commerce and device usage data to acquire new customers, target existing customers, and predict customer behavior? Amazons Consumer Behavior Analytics team seeks a Data Scientist for building analytical solutions that will address increasingly complex business questions.

Amazon.com has a culture of data-driven decision-making and demands business intelligence that is timely, accurate, and actionable. This team provides a fast-paced environment where every day brings new challenges and new opportunities.

As a Data Scientist in the team, you will be driving the analytics roadmap and will provide descriptive and predictive solutions to the marketing and product management team through a combination of data mining techniques as well as use statistical and machine learning techniques for segmentation and prediction. You will need to collaborate effectively with internal stakeholders, cross-functional teams to solve problems, create operational efficiencies, and deliver successfully against high organizational standards.

Responsibilities
· Demonstrate through technical knowledge on Statistical modeling, Probability and Decision theory, Operations Research techniques and other quantitative modeling techniques
· Understand the business reality behind large sets of data and develop meaningful solutions comprising of analytics as well as marketing management
· Work closely with internal stakeholders like the business teams, engineering teams and partner teams and align them with respect to your focus area
· Innovate by adapting new modeling techniques and procedures
· You should be passionate about working with huge data sets and be someone who loves to bring datasets together to answer business questions. You should have deep expertise in creation and management of datasets
· You should have exposure at implementing and operating stable, scalable data flow solutions from production systems into end-user facing applications/reports. These solutions will be fault tolerant, self-healing and adaptive
· You will extract huge volumes of data from various sources and message streams and construct complex analyses. You will implement data flow solutions that process data real time on message streams from source systems
· You should be detail-oriented and must have an aptitude for solving unstructured problems. You should work in a self-directed environment, own tasks and drive them to completion
· You should have excellent business and communication skills to be able to work with business owners to develop and define key business questions and to build data sets that answer those questions. You own customer relationship about data and execute tasks that are manifestations of such ownership, like ensuring high data availability, low latency, documenting data details and transformations and handling user notifications and training
· Your teams will work with distributed machine learning and statistical algorithms upon a large Hadoop cluster to harness enormous volumes of online data at scale to serve our customers

Basic Qualifications

· PHD with 1 year experience or Masters with three years of experience or a Bachelors with five years of experience.
· Experience in SQL, R, Python, or another scripting language; command line usage; experience in Java (preferable)
· Track record of diving into data to discover hidden patterns and of conducting error/deviation analysis
· Knowledge of various machine learning techniques and key parameters that affect their performance
· Evidence of using of relevant statistical measures such as confidence intervals, significance of error measurements, development and evaluation data sets, etc. in data analysis projects
· Excellent written and verbal communication skills for both technical and non-technical audiences

Preferred Qualifications

· Experience in creating data driven visualizations to describe an end-to-end system
· Previous experience in a ML or data scientist role with a large technology company
· Previous experience of building and implementing scalable ML solutions that added value to business",4.3,"Amazon
4.3",Bangalore,-1,10000+ Employees,1994,Company - Public,Internet,Information Technology,$10+ billion (USD),-1
Assistant Manager - Data Scientist,₹552K-₹881K (Glassdoor est.),"With a startup spirit and 90,000+ curious and courageous minds, we have the expertise to go deep with the world’s biggest brands—and we have fun doing it. Now, we’re calling all you rule-breakers and risk-takers who see the world differently, and are bold enough to reinvent it. Come, transform with us.
Transformation happens here. Come, be a part of our exciting journey!
Are you the one we are looking for?
Inviting applications for the role of AM, Data Scientist
The position is based out of Bangalore, India and the focus of the role is to have enterprise level experience for Data Model Migration (legacy modernization) and being able to setup the new modeling architecture and help develop an efficient & streamlined process for ETL/WB, model development, validation, scoring, monitoring, etc and mentor the team as well.
Key Responsibilities:
Deploying analytics solutions and enable tracking of business outcomes.
Responsible for Model Migration.
Project Management, Mentoring Junior members in the team and Client Interaction.
Ensuring Quality through compliance to framework, architecture and coding standards.
Selecting features, building and optimizing classifiers using machine learning techniques.
Technical Skills
Prior Experience with Model migration from legacy to Modern setups (e.g. SAS model to Python / PySpark scripts)
Experience with Hadoop, Spark
Experience with Cloud based services a plus – Google Cloud, AWS, Azure services used for Data storage and Data ingestion/ transformation like S3, ADF, Glue etc.
Predictive Analytics – Hands-on experience in AI and Machine Learning
Good applied statistics skills, such as distributions, statistical testing, regression etc.
Building and implementing models, algorithms and simulations and executing the same using a variety of Tools
Very good scripting and programming skills necessary to build and efficient and streamlined process/environment
Experience with implementing analytical models
Hands on experience in
Code Versioning Tool - GitHub
Experience in relational and NoSQL Databases
Knowledge on Agile methodology
Qualifications
Minimum qualifications
B.E. in Computer Science, Information systems, or Computer engineering, Systems Engineering or M.S. in Statistics
Relevant work experience in Data Science/advanced programming and in Data Engineering Practice and Platforms
Mathematics and Statistical Background
High level of intellectual curiosity about the use of data engineering and Analytics
Extensive Experience with Analytics products and solutions
Preferred qualifications
Passion for technology and a keen learner to stay abreast on what’s latest
Ability to encourage and inspire change in technology application
Ability to work in varied LOBs and with multiple partners
Conflict management and negotiation skills
Skill gap identification and development of our global teams
Excellent verbal and written communication skills
Genpact is an Equal Opportunity Employer and considers applicants for all positions without regard to race, color, religion or belief, sex, age, national origin, citizenship status, marital status, military/veteran status, genetic information, sexual orientation, gender identity, physical or mental disability or any other characteristic protected by applicable laws. Genpact is committed to creating a dynamic work environment that values diversity and inclusion, respect and integrity, customer focus, and innovation. For more information, visit www.genpact.com. Follow us on Twitter, Facebook, LinkedIn, and YouTube.",3.8,"Genpact
3.8",Bangalore,-1,10000+ Employees,1997,Company - Public,IT Services,Information Technology,$2 to $5 billion (USD),-1
Senior Data Scientist,"₹840K-₹1,027K (Glassdoor est.)","Relocation Assistance Offered Within Country
# 92240 - Mumbai, Maharashtra, India

What is the PURPOSE of your role?

This role is encouraged to apply strong expertise in artificial intelligence through use of machine learning, data mining, and information retrieval to design, prototype and build next generation sophisticated analytics engines and services. This role will work to define the technical problem statement and hypothesis to test; develop efficient and accurate analytical models that mimic business decisions and incorporate them into analytical data products or tools with the support of a multi-functional team. lead a team of data scientists to identify the right analytic solution to run various use cases across functions.

Core responsibilities of this role

To Work with translators to identify business problems that can be addressed by analytics
Participates in diagnostic & use case roadmap creation
Optimally communicate the analytics approach and how it will meet and address objectives to business partners
Direct a team of data scientists in identifying the right analytic solution for individual use cases
Advocate and educate on the value of data driven decision making focusing on the “how and why” of solving problems
Defines data lifecycles, including data sources, frequency and process for ongoing model upgrades
Collaborates with the team to shape use cases and guide them towards defining data standards and identifying new data sources
Integrating work into applications and tools with data engineers, business leads, analysts and developers
Create repeatable, interpretable, multifaceted and scalable models that are seamlessly incorporated into analytic data products
Engineer features by using your business acumen that will improve analytical models and are easy to interpret
Explains principles and approaches to senior management in a non-technical manner
Demonstrable ability to plan model upgrades with takeaways from field
Takes an active role in crafting analytical (e.g., code libraries) and data (e.g., external or partnership based data) assets
What expertise are we looking for?

Must have
Academics: Bachelor’s in Data Science, Computer Science, Engineering, Statistics
Prior Experience:
Minimum 6+ years’ experience in programming Languages - Python and/or R
Must have experience in running use cases in the sales analytics/ eCommerce domain

Technology Expertise
We need SQL implementations (PostgreSQL, MySQL, Oracle, DB2)
Sophisticated proficiency on ML techniques - clustering, decision tree learning, naïve Bayes, support vector machines, Q-learning, temporal difference, adversarial networks, and neural networks
Basic proficiency of data visualization techniques & tools - Visualizing complex insights using Plotly, matplotlib, ggplot2, etc.; experience with dash boarding tools desired (e.g., Shiny, Dash, Tableau)
Basic proficiency of data engineering tools & techniques.
Building data pipeline on GCP
Frameworks including TensorFlow, Theano, CNTK, scikit-learn, Caffe, Keras, Spark MLlib
Statistical Tools & Concepts:
Solid grasp concepts including descriptive analysis, experimental design, Bayesian statistics, sub-setting, and regression.
Solid grasp of statistical and data mining techniques including generalized linear model/regression, random forest, boosting, trees, text mining, social network analysis, dimensionality reduction algorithms

Equal Opportunity Employer
Colgate is an equal opportunity employer and all qualified applicants will receive consideration for employment without regard to race, color, religion, gender, gender identity, sexual orientation, national origin, ethnicity, age, disability, marital status, veteran status (United States positions), or any other characteristic protected by law.
Are you interested in working for Colgate-Palmolive? You can apply online and attach all relevant documents such as a cover letter and resume or CV. Applications received by e-mail are not considered in the selection process. Become part of our team. We look forward to your application.
Colgate-Palmolive is a leading global consumer products company, tightly focused on Oral Care, Personal Care, Home Care and Pet Nutrition. Colgate sells its products in over 200 countries and territories around the world under such internationally recognized brand names as Colgate, Palmolive, elmex, Tom’s of Maine, Sorriso, Speed Stick, Lady Speed Stick, Softsoap, Irish Spring, Protex, Sanex, Elta MD, PCA Skin, Ajax, Axion, Fabuloso, Soupline and Suavitel, as well as Hill’s Science Diet and Hill’s Prescription Diet.
For more information about Colgate’s global business, visit the Company’s web site at http://www.colgatepalmolive.com. To learn more about Colgate Bright Smiles, Bright Futures® oral health education program, please visit http://www.colgatebsbf.com. To learn more about Hill's and the Hill’s Food, Shelter & Love program please visit http://www.hillspet.com. To learn more about Tom’s of Maine please visit http://www.tomsofmaine.com.
Reasonable accommodation during the application process is available for persons with disabilities. Please contact Application_Accommodation@colpal.com with the subject ""Accommodation Request"" should you require accommodation.",4.1,"Colgate-Palmolive
4.1",Mumbai,-1,10000+ Employees,1806,Company - Public,Consumer Products Manufacturing,Manufacturing,$10+ billion (USD),-1
Data Scientist-1,₹597K-₹763K (Glassdoor est.),"We are looking for an analyst to develop PayPals Risk strategy within the Next-Generation Platforms & Strategic Partners portfolio. This portfolio is comprised of PayPals newest leading-edge payments solutions (including new form factors, in-store payments, and payment tokens), as well as customized experiences developed for the companys highest-priority strategic partnerships.

PayPals Next-Generation Platforms Consumer Risk team is responsible for assessing and managing buyer-side financial risk exposures for this $8 billion portfolio (including identity theft, stolen financials, account takeover, and credit risk), as well as developing and implementing the policies, treatments, and experiences related to the management of these exposures. The team is also responsible for partnering with the corresponding Business Units to align with and influence their strategic priorities, educate business partners about Risk management principles, and collaboratively optimize the Risk treatments and experiences for these unique products and partners.

Each Analyst on this team has full ownership of a portfolio of merchants and is responsible for end-to-end management of loss and decline rates. Day-to-day duties include data analysis, monitoring and forecasting, creating the logic for and implementing risk rules and strategies, providing requirements to data scientists and technology teams on attribute, model and platform requirements, and communicating with global stakeholders to ensure we deliver the best possible customer experience while meeting loss rate targets.

If youre interested in working with PayPals most interesting payments experiences then this is the right team for to join!

Job Requirements:
Strong analytical skills -- ability to build quick estimates using back-of-the-envelope analysis, structure (and, if needed, execute) more complex analyses, pull together business cases and forecasts to navigate through multi-dimensional sets of tradeoffs.
Enthusiasm for data-driven problem solving within a fast-paced environment is a must. In addition, experience with Microsoft Excel or statistical software, working knowledge of SQL or other relational database languages, and hands-on experience in data analysis involving large data sets are strongly desired.
Polished communication skills risk analysts need to collaborate cross-functionally with product managers, data scientists, business owners, and customers to learn from subject-matter experts, present findings in a clear and concise manner, and reach alignment on how to execute risk strategies.
Can-do attitude, team player, energetic personality, ability to work well under pressure in a fast-paced and constantly changing environment to meet deadlines. The successful risk analyst is a self-starter who has the resilience to learn from their mistakes and reach their true potential.
An innate intellectual curiosity, and a willingness to build awareness of current payments industry and risk management best practices. PayPal is constantly innovating by introducing new products and entering new markets, so successful risk analysts on this team must quickly get up speed on new content areas.
Bachelors degree with 4+ years of experience, MS degree with 2+ year of experience",3.9,"Paypal
3.9",Bangalore,-1,10000+ Employees,1998,Company - Public,Internet,Information Technology,$10+ billion (USD),-1
Data Scientist Position (Audio Analytics),₹264K-₹650K (Glassdoor est.),"Sciffer is creating a video and audio analytics platform to help producers, editors, broadcasters and digital platforms analyze, collaborate, review, and edit content. One of the key elements of this platform is audio & speech. A few of the objectives are automated speech recognition (ASR), text to speech (TTS), speech to text (STT), and natural language processing (NLP). We are looking for data scientists with a strong background in both deep learning and audio & speech to help develop better and more creative models in the area.
Responsibilities: - Research and implement novel approaches and models for audio and speech - Staying up to date on industry trends and best practices - Breaking down a complex problem into simpler elements & solving them Required
Qualifications: - Graduate in Electrical / Electronics / Computer Science Engineering with specialization in signal/speech processing - 1 to 4 years of relevant experience - Proficiency in Python, R, SQL Server & C++
Job Types: Full-time, Volunteer, Walk-In
Salary: Up to ₹500,000.00 per year
Experience:
4: 1 year (Preferred)
Education:
Bachelor's (Preferred)
Work Remotely:
Yes, temporarily due to COVID-19",5.0,"Sciffer Analytics Private Limited
5.0",Pune,-1,1 to 50 Employees,-1,Company - Public,-1,-1,Less than $1 million (USD),-1
Applied Scientist,₹803K-₹983K (Glassdoor est.),"Excited by Big Data, Machine Learning and Predictive Software? Interested in creating new state-of-the-art solutions using Machine Learning and Data Mining techniques on Terabytes of Data?
At Amazon, we are developing state-of-the-art large-scale Machine Learning Services and Applications on the Cloud involving Terabytes of data. We work on applying predictive technology to a wide spectrum of problems in areas such as Amazon Retail, Seller Services, Customer Service, Alexa, Chatbots and so on. We are looking for talented and experienced Machine Learning Scientists (Masters/Ph.D. in a related area preferred) who can apply innovative Machine Learning techniques to real-world e-Commerce problems. You will get to work in a team dedicated to advancing Machine Learning technology at Amazon and converting it to business-impacting solutions.
Major responsibilities
- Use machine learning, data mining and statistical techniques to create new, scalable solutions for business problems
- Analyze and extract relevant information from large amounts of Amazons historical business data to help automate and optimize key processes
- Design, develop and evaluate highly innovative models for predictive learning
- Establish scalable, efficient, automated processes for large scale data analyses model development, model validation and model implementation
- Research and implement novel machine learning and statistical approaches




Basic Qualifications

- A PhD in Computer Science, Machine Learning, Operational research, Statistics or in a highly quantitative field
- Experience in predictive modelling and analysis, predictive software development
- Strong problem-solving ability
- Good skills with Java/Scala or C++, Perl/Python (or similar scripting language)
- Experience in using R, Matlab, or any other statistical software
- Strong communication and data presentation skills



Preferred Qualifications

- Experience handling gigabyte and terabyte size datasets
- Experience working with distributed systems and grid computing
- Knowledge of the latest and state of the art ML technology
- Publications or presentation in recognized Machine Learning and Data Mining journals/conferences",4.3,"Amazon
4.3",Bangalore,-1,10000+ Employees,1994,Company - Public,Internet,Information Technology,$10+ billion (USD),-1
Data Science for AI/Advance Analytic,₹418K-₹580K (Glassdoor est.),"With a startup spirit and 90,000+ curious and courageous
minds, we have the expertise to go deep with the world’s biggest brands—and we
have fun doing it. Now, we’re calling all you rule-breakers and risk-takers who
see the world differently, and are bold enough to reinvent it. Come, transform
with us.

Inviting applications for the role of Data Science for
AI/Advance Analytic

In this role, we are looking for a Data Scientist
actively participates on multi-functional project teams developing analytics
enabled solutions, owning and leading work you're doing. The Data Scientist
recommends and implements analytics enabled solutions to improve business
process, to generate insights, to support business goals and strategy
development. They would also own and deliver complete projects of moderate
scope and handles work you're doing on more sophisticated projects.

Responsibilities
Recommends and implements
analytics enabled solutions to improve business process, to generate
insights, support business goals and strategy development
Owns and delivers complete
projects of moderate scope and runs work you're leading on more
sophisticated projects.
Works on problems of
moderate scope / complexity where analysis of situations or data requires
a review of a variety of factors
Ability to generate
relevant, meaningful insights based on iterative data analysis, translate
data-driven output into business language, and to make appropriate
recommendations to respective business partner
Communicates results of
cases of moderate complexity to business partners and recommends solutions
to more senior data scientists.
Fundamental understanding
of the business and begins to ask the right questions.
Considers different
perspectives and uses tact to build support of own ideas
Perform daily tasks and
interact with people at all levels within & outside the organization;
resolve items require referral to supervisor or others;
Develop automated unit
tests and responsibility for testing own code before Systems Test and QA
Test Phases begin
Identify and start to
promote standard methodologies within the team
Utilize technical
expertise to lead multiple assignments, including large and critical
projects to Assure timely and cost-effect objective's delivery.
Knows how their project
supports broader business strategy, including core drivers of business
value
Applied understanding of
programming, stats, machine learning, data visualization, exploratory data
analysis, model production, insight generation and data wrangling.
Qualifications/Minimum qualifications
Masters Degree in Computer
Science, Statistics, Applied Math or meaningful field * practical
experience as a Data Scientist with consistent record * math skills (e.g.
Statistics, algebra, multi-variable calculus) * Expertise with R, SQL and
Python; familiarity with Scala, Java or C# is an asset * Extensive
background in data mining and statistical analysis * Deep understanding of
real-life applicability and limitations of machine-learning algorithms *
Problem-solving aptitude * Analytical mind and discernment * Superb
communication and presentation skills
Knowledge of programming
languages e.g. Visual Basic, VBA and SQL
You will have an
opportunity to work with business people to have a real time understanding
of business problem and, craft the solution which really fits into
customer needs.
Basic understanding of
network which are needed to implement the tools and automation on ground.
Preferred Skills
Relevant work experience,
preferably in Commercial Insurance/Finance & Accounting domain.
Proficient in MS Office
applications, especially in MS excel.
Good analytical and
problem solving skills and ability to handle team and client discussions.
We will ensure that individuals with disabilities are
provided reasonable accommodation to participate in the job application or
interview process, to perform crucial job functions, and to receive other
benefits and privileges of employment. Please contact us to request
accommodation.

Genpact is an Equal Opportunity Employer and considers
applicants for all positions without regard to race, color, religion or belief,
sex, age, national origin, citizenship status, marital status, military/veteran
status, genetic information, sexual orientation, gender identity, physical or
mental disability or any other characteristic protected by applicable laws. Genpact
is committed to creating a dynamic work environment that values diversity and
inclusion, respect and integrity, customer focus, and innovation. For more
information, visit www.genpact.com. Follow us on Twitter, Facebook, LinkedIn,
and YouTube.",3.8,"Genpact
3.8",Hyderābād,-1,10000+ Employees,1997,Company - Public,IT Services,Information Technology,$2 to $5 billion (USD),-1
Data Scientist,₹260K-₹602K (Glassdoor est.),"Job Details
Requirement Type
Permanent

Job Title
Opening for Data scientist

Job Level
Executive - Non-Managerial

Job Description
Data scientist

No. of Openings
10

Job Domain
IT

Experience - Minimum No.Of Years
2.0

Experience - Maximum No.Of Years
6.0

Degree
Any

Specialisation

Skills
Data scientist

Expected Date Of Joining
2020-11-26

Joining Time
20 Days

Salary
40000

Work Locations
Kochi

Required Skills
Data scientist",3.0,"Six Sigma
3.0",Cochin,-1,51 to 200 Employees,-1,Company - Private,-1,-1,Less than $1 million (USD),-1
Data Scientist 2,₹597K-₹759K (Glassdoor est.),"Specific responsibilities include:
Provide analytical insights by analyzing various types of data, including mining our customer data, review of relevant cases/samples, and incorporation of feedback from teammates.
Work closely with business partners and stakeholders to determine how to design analysis, testing, and measurement approaches that will significantly improve our ability to understand and address emerging business issues.
Produce intelligent, scalable, and automated solutions by leveraging Data Science skills.
Work closely with Technology teams on development of new capabilities to define requirements and priorities based on data analysis and business knowledge.
Developing expertise in specific areas by leading analytical projects independently, while setting goals, providing benefit estimations, defining workflows, and coordinating timelines in advance.
Providing updates to leadership, peers and other stakeholders that will simplify and clarify complex concepts and the results of analyses effectively with emphasis on the actionable outcomes and impact to business.
Qualifications
Masters degree in Statistics, Analytics, or Data Science
3-8 years of professional experience in solving problems using data-driven approach
High proficiency in SQL. Experience with Python, R, Unix, Hadoop
Collections and Digital Channels experience a plus
Strong organizational skills and excellent follow-through
Outstanding written, verbal and interpersonal communication skills
High emotional intelligence, a can-do mentality and a creative approach to problem solving
Experience with working in a technology environment",3.9,"Paypal
3.9",Bangalore,-1,10000+ Employees,1998,Company - Public,Internet,Information Technology,$10+ billion (USD),-1
"Specialist, Data Science",₹212K-₹522K (Glassdoor est.),"Job Purpose (Job Summary): This is support activity to Real estate strategy, acquisitions and underwriting team. This position includes assisting teams on real estate research for collecting, summarizing, reporting data for drawing insights out of it. Need to have knowledge of various techniques and analytical skills. The Data Analyst will support our research analysts, senior research management, data analysts and data scientists on data initiatives and supporting requirements for ongoing projects. The Data Analyst should have the drive and ability to meet with relevant partner needs, understand and model relevant data, and optimal connect with analysts and team to put models analysis. Demonstrating continuous learning and collaboration; and willingness to take advice and fill gaps in knowledge is crucial.
Key Responsibilities / Duties:
Supporting the Real estate research, acquisitions and underwriting teams
Querying or pulling data to create reports required for the analysts, scientists and management
Coding, querying, aggregation, analysis, and visualization of data
Hands on experience on presentations power point or in other mode
Working Conditions:
Normal office environment with little exposure to noise, dust and temperatures.
Normally works a regular schedule of hours, however hours may vary depending upon the project or assignment.
Hours may include evenings and/or weekends and may include 24 hour a day on call support by pager and/or cell phone.
Work Experience / Knowledge:
M.S. or Ph.D. in Computer Science, or other quantitative field or a B.E/B.Tech. with 3+ years professional or research experience
Proficiency with R language, Python, SQL, Power BI, Advance Excel
Proficiency with Geographical Information Systems (GIS)
Specialist in various research tools and using third party data
End-to-end experience with data, including querying, aggregation, analysis, and visualization
Willingness to collaborate and connect with others to seek a problem
Experience supporting and working with multi-functional teams in a dynamic environment
Skills / Other Personal Attributes Required:
Standout colleague
Excellent at MS Excel, R, Python, GIS
Good at Oral and written communication skills
Open minded, flexible, and willing to listen for other peoples opinions.
Social skills necessary to optimal communicate over the phone with a variety of individuals at all technical levels are required.

Formal Education: (minimum requirement to perform job duties)
A Bachelors Degree in Engineering or Masters or Ph.D
MBA in Real Estate from a reputed University is preferred with Computer Engineering.
Competency Requirements Invesco Core:

Please refer to IPMP manual for competence descriptions
We are passionate about our clients success
Working together, we achieve more
We believe in the continuous pursuit of performance excellence
We earn trust by acting with integrity
People are the foundation of our success
Competency Requirements Leadership:
Please refer to IPMP manual for competence descriptions
Makes sound decisions
Collaborate and engages
Develops others
Builds and executes realistic plans
Shows drive and initiative
Shows resourcefulness
Earns credibility",3.5,"Invesco
3.5",Hyderābād,-1,5001 to 10000 Employees,1935,Company - Public,Investment Banking & Asset Management,Finance,$2 to $5 billion (USD),-1
Data Engineer - Python and Spark,₹616K-₹900K (Glassdoor est.),"Job
Description

This role is for candidates proficient in Apache Spark and Python programming. The candidate will be involved in processing data using PySpark like reading data from external sources, merge data, execute data enrichment and load them into target data destinations.

Skills Required

Python, Spark, SQL

Role

The ideal candidate will-

- Participate in design and development of Big Data analytical applications

- Design, support and continuously enhance the project code base, continuous integration pipeline, etc.

- Write complex ETL processes and frameworks for analytics and data management

- Implement large-scale near real-time streaming data processing pipelines

Eligibility Criteria

- Must have a BE/ B. Tech degree in Computer Science or related quantitative field with 3 - 8 years of relevant experience

- Must have experience in working on Hadoop distribution systems (Cloudera / Hortonworks/ MapR)

- Must have experience in working on Hadoop clusters and exposure to Hadoop tools like Spark, Oozie, Sqoop, Flume, KAFKA, HUE, HBase etc.

- Must have a strong proficiency in using query languages such as SQL, Hive and SparkSQL

- Must have experience with version control systems like Git in particular

- Must have experience in Python, PySpark and willingness to learn new languages, as and when needed

- Must have extensive experience in working on RDBMS and ETL tools

- Must be comfortable in analyzing complex, high-volume & high dimension data from varying sources

Location

Bengaluru, Karnataka, India

Education/Qualification

B.E / B. Tech

Years Of Experience

4 to 8 Years

Designation

Technology Consultant

Apply",3.7,"Tredence
3.7",Bangalore,-1,501 to 1000 Employees,2013,Company - Private,Consulting,Business Services,$25 to $50 million (USD),-1
Senior Manager - Data Scientist,₹552K-₹881K (Glassdoor est.),"With a startup spirit and 90,000+ curious
and courageous minds, we have the expertise to go deep with the world’s biggest
brands—and we have fun doing it. Now, we’re calling all you rule-breakers and
risk-takers who see the world differently, and are bold enough to reinvent it.
Come, transform with us.
Are you the one we are looking for?

We are inviting applications for the role
of Senior Manager, Data Scientist

Responsibilities
Participating
and collaborating with Sales and Marketing teams in the organization to
understand the business requirements and to deliver scalable solutions.
Should
have good exposure in Marketing analytics domain for a Fintech based
client and should be able to break the problem into small chunks.
Ability
to create models using Classification and Regression techniques, and
perform Hypothesis Testing and Feature selection.
Ability
to use creativity to spot trends and tease out patterns in large datasets.
Strong
analytical and problem-solving skills, and ability to set goals and meet
deadlines in fast paced working environment.
Analyze
user behavior, conversion data, customer journeys to generate hypothesis
and build optimization plans and provide insights for feature
improvements.
Mine and
analyze data from company databases to drive optimization and improvement
of product development and business strategies.
Continuously
think on how to improvement the analytics infrastructure for the team and
automate processes.
Perform
deep dive analyses on key business trends from different perspectives and
package the insights into easily consumable presentations and documents.
Provide
thought leadership within the marketing analytics community.
Qualifications we seek in you

Minimum qualifications
Education
in Statistics, Mathematics, Computer Science or another quantitative
field.
Relevant experience.
Preferred qualifications
Experience
in Team Management and performance management
Change
management and Program management with clear expertise in driving
impactful governance
Experience
using computer languages (Python, SQL, etc.) to manipulate data and draw
insights from large data sets.
Experience
in creating AI/ML models for Marketing use cases.
Experience
in using industry standard AI/ML libraries i.e. Sklearn, Keras,
Tensorflow, AutoML etc.
Experience
in working on Marketing Analytics
Excellent
communication & presentation skills
Knowledge
on Hadoop/Hive is good to have skill
Innovative
and always looking for continuous improvement in order to develop
succession plan for team
Have a
good understanding of collaborative software development in an enterprise
environment
A
flexible, dedicated and solution orientated approach through periods of
change and disruption
Should
possess good interpersonal skills
Innovative
and always looking for continuous improvement in order to develop
succession plan for team
Genpact is an Equal Opportunity Employer
and considers applicants for all positions without regard to race, color,
religion or belief, sex, age, national origin, citizenship status, marital
status, military/veteran status, genetic information, sexual orientation,
gender identity, physical or mental disability or any other characteristic
protected by applicable laws. Genpact is committed
to creating a dynamic work environment that values diversity and inclusion,
respect and integrity, customer focus, and innovation. For more information,
visit www.genpact.com. Follow us on Twitter, Facebook, LinkedIn, and YouTube.",3.8,"Genpact
3.8",Bangalore,-1,10000+ Employees,1997,Company - Public,IT Services,Information Technology,$2 to $5 billion (USD),-1
Sr Data Scientist,₹602K-₹933K (Glassdoor est.),"About Us

Morgan Stanley is a leading global financial services firm providing a wide range of investment banking, securities, investment management and wealth management services. We advise, originate, trade, manage and distribute capital for governments, institutions and individuals. As a market leader, the talent and passion of our people is critical to our success. Together, we share a common set of values rooted in integrity, excellence and strong team ethic. We provide you a superior foundation for building a professional career where you can learn, achieve and grow.


Technology/Role/Department at Morgan Stanley

Technology is the key differentiator that ensures that we manage our global businesses and serve clients on a market leading platform that is resilient, safe, efficient, smart, fast and flexible. Technology redefines how we do business in global, complex and dynamic financial markets. We have a large number of award winning technology platforms that help to propel our Firm’s businesses to be the top in the market. Our India technology teams are based in Mumbai and Bengaluru. We have built strong techno-functional teams which partner with our offices globally taking global ownership of systems and products. We have a vibrant and diverse mix of technologists working on different technologies and functional domains. There is a large focus on innovation, inclusion, giving back to the community and sharing knowledge.

Wealth Management Technology (WMIMT) is responsible for the design, development, delivery, and support of the technical platform behind the products and services used by the Business. Morgan Stanley Wealth Management (WM) is a product of the acquisition of Smith Barney from Citigroup, which was completed in June ‘13. Its core client base is individual investors, small- to medium-size businesses and institutions, and high net worth families and individuals. In the second half of ‘14, WM reached a milestone, with its business having surpassed $2 trillion in total client assets.

We are seeking a Machine Learning Engineer with expertise in design and development of data and ML centric applications at scale. The right candidate would have a background in data engineering and requisite familiarity and experience working with Machine learning (ML) algorithms and Frameworks. The role is a confluence of engineering (programming), ML and data analysis. Knowledge of Data Science is a plus. This position is for the Decision products which is part of Artificial Intelligence and Knowledge Management group within Morgan Stanley Wealth Management. The team is comprised of members located in NY-United States, Mumbai-India and Bengaluru-India. The team partners with various businesses and IT groups within firm to develop analytics and ML powered solutions aimed at targeting Clients, Participants and Financial Advisors with relevant recommendations. The team accumulates data from a variety of internal and external upstream systems in order to develop statistics, models, dashboards and metrics for the Digital Platforms team.

The right candidate has (Responsibilities)

• Create ML model training, validation and hyper-parameter search pipelines
• Explore new data sources and data. Select appropriate datasets and their representation methods. Perform data analysis (statistical and otherwise), to derive inferences from data
• Design machine learning systems, and oversee the platform on which the solutions would be deployed
• Ensure data integrity through – Data quality, validation, Governance and Transparency
• Design and Build distributed, scalable, and reliable data pipelines that ingest and process data at scale and in real-time
• Production deployment and Model monitoring to ensure stable performance and adherence to standards
• Evaluate state-of-art data-centric technologies and prototype solutions to improve our architecture and platform
• Understand data visualization to create meaningful dashboards for end-users

Primary skills

• Experienced professional with 8-15 years of experience developing and implementing ML models in Big data ecosystem i.e. Hadoop, Spark, Kafka, HBase, Hive / Impala, Cassandra, MongoDB or any other similar distributed computing technology
• Proficiency with Scala / Python and basic libraries for machine learning such as scikit-learn, pandas, deep-learning
• Proficiency in data analysis using complex and optimized SQL and / or above mentioned technologies
• Understanding of data structures, data modeling and software architecture
• Experience in architecture, design and implementation of data intensive applications for practical use-cases
• Expertise in visualizing large datasets in an efficient manner
• Ability to work in fast paced and dynamic environment
• Good written and verbal communication skills

Good to have skills

• In-depth understanding of Machine Learning and Statistics, in addition to above
• Experience in domains – Financial Risk and Log Analytics
• Worked on large scale Anomaly Detection use cases
• Practical knowledge of Natural Language Processing (NLP) and/or Neural network implementation
• Tableau for data visualization
• Experience working in an Agile environment",4.0,"Morgan Stanley
4.0",Bangalore,-1,10000+ Employees,1935,Company - Public,Investment Banking & Asset Management,Finance,$10+ billion (USD),-1
Analytics Consultant - Supply Chain,₹600K-₹755K (Glassdoor est.),"Job
Description

Engage with Supply Chain Leadership of Tredence’s clients to define the need for Analytics led solutions
S/he possesses an in-depth understanding of 1 or more functions in Supply chain (e.g. procurement, transportation etc.) – capable of holding an independent opinion plus holding a conversation with a Client from similar function
S/he possesses a wide exposure to functions across the supply chain: Procurement / Inbound Logistics / Production / Outbound Logistics / Retailing
The candidate should understand cause and effect that each of these functions have
S/he has in the past built repeatable tools / data-models to solve specific business problems–
Mandatorily on XL
Preferably on R/Python, SQL, Tableau etc
S/he should have hand-on experience of having worked on projects (either as a consultant or with in a company) that needed them to –
Create data-driven, analytics-based solutions; for e.g. actions based on EDA and insights, automation of insights, decision tools etc.
Worked with business teams or was a part of the team that implemented process re-engineering driven by data analytics / insights
S/he must have a solution creation mindset. Ability to design and enhance scalable algorithmic solutions to address the business need is a must have
Engage with technology teams from Tredence and Clients to create last mile connectivity of the solutions -
Should have experience of working with technology teams
A working knowledge of SCM product portfolios is ideal but not mandatory - SAP, Oracle, JDA, Llamasoft, etc.
Own project delivery by ensuring content rigor and client partnership
Create marketing assets that showcase Tredence’s capabilities in Supply Chain Analytics

Skills Required

supplychain

Role

Bachelor’s in engineering
Masters from a Tier-1 B-School or Tech School (Preferable)
At least 5 years of Supply Chain experience with either consulting or operational expertise in Supply Chain Planning, Demand Planning, Production Planning, Production scheduling, Inventory Management etc.
High proficiency on XL; R/Python, Tableau etc is preferable
Should be a good problem solver
Knowledge of O.R. techniques
Knowledge of Statistical techniques
Knowledge of BI tools
Strong Communication (Written, Oral and Presentation)

Location

Bengaluru, Karnataka, India

Education/Qualification

Degree/masters

Years Of Experience

5 to 7 Years

Designation

Analytics Consultant

Apply",3.7,"Tredence
3.7",Bangalore,-1,501 to 1000 Employees,2013,Company - Private,Consulting,Business Services,$25 to $50 million (USD),-1
Business and Data Analyst - GUR,₹597K-₹864K (Glassdoor est.),"Description

About this role

Team Overview

BlackRock is seeking a problem-solver who can immediately add new value to the Index & Data Solutions team (IDS). This team is responsible for the index and market data strategy for the firm and the management of the commercial relationships with each provider. This administration position is within the IDS Operations team and will be responsible for market data invoice processing, issue & inquiry resolution, and spend inventory maintenance.

Role Responsibility
Business analyst/Citizen developer function with hands on solution design and implementation
Develop technical solutions to process and data inefficiencies building capacity within IDS
Work with team members across BLK to leverage available tools and platform to create scalable solutions
Create datasets, report and analytics structures for internal stakeholders
Experience
Graduate or post-graduate degree in related field or applicable work experience.
Basic knowledge of Financial Markets
Experience working on Software as A Service (SAAS) required
Advanced Excel knowledge, knowledge and coding experience with SQL, Python, Java, RPA preferred
Data visualization experience preferred
Strong problem solving and analytical skills
Excellent time-management skills
Excellent communicator and a self-starter attitude who can deliver despite challenges
Highly organized, adaptable, with a sense of urgency and ability to handle multiple priorities, meeting deadlines while maintaining composure and integrity.
Enjoy working in and contribute to an inclusive & diverse environment
Team player who contributes to overall team performance and objectives
Our benefits

To help you stay energized, engaged and inspired, we offer a wide range of benefits including a strong retirement plan, tuition reimbursement, comprehensive healthcare, support for working parents and Flexible Time Off (FTO) so you can relax, recharge and be there for the people you care about.

About BlackRock
BlackRock's purpose is to help more and more people experience financial well-being. As a fiduciary to investors and a leading provider of financial technology, our clients turn to us for the solutions they need when planning for their most important goals. As of September 30, 2020, the firm managed approximately $7.81 trillion in assets on behalf of investors worldwide.
For additional information on BlackRock, please visit www.blackrock.com/corporate | Twitter: @blackrock | LinkedIn: www.linkedin.com/company/blackrock.

BlackRock is proud to be an Equal Opportunity and Affirmative Action Employer. We evaluate qualified applicants without regard to race, color, national origin, religion, sex, sexual orientation, gender identity, disability, protected veteran status, and other statuses protected by law.

BlackRock will consider for employment qualified applicants with arrest or conviction records in a manner consistent with the requirements of the law, including any applicable fair chance law.",4.0,"BlackRock
4.0",Gurgaon,-1,10000+ Employees,1988,Company - Public,Investment Banking & Asset Management,Finance,$10+ billion (USD),-1
Machine Learning Lead / Data Scientist,₹290K-₹785K (Glassdoor est.),"Position Description for Machine Learning Lead / Data Scientist

The Technology & Operations Risk (TOR) organization at Morgan Stanley has the following mission: Deliver first-line defenses to manage risks to Firm technology and information, and to manage cyber threats through risk identification, control management and assurance. This allows the business to operate and grow in a secure and legally-compliant manner. Our vision is to deliver Programs that protect and enable the business, ensure secure delivery of services to our clients, adjust to address the risks presented by an evolving threat landscape, meet regulatory expectations, and offer highly attractive career opportunities.

The Access management (AM) Wealth Management (WM), team which falls under TOR, provides solutions that span all aspects of entitlement management. This includes change management during employee lifecycle events, entitlement reviews, provisioning, de-provisioning, auditing, reporting and Adoption of applications & enterprise roles using both in-house custom products and vendor products. This applies primarily to Wealth Management Business Units.

The AM WM team is driving an aggressive program of change, which will see the implementation of a unified self-service portal, role-oriented reviews and provisioning for various businesses, repositories, and use cases.

Candidate will be working hands-on on analytical projects with big data development and be responsible for project delivery, execution and support. Candidate should be able to work in a dynamic environment with limited or no supervision and should be able to motivate junior team members. Should be comfortable and manage time working with global team on multiple initiatives. Candidate should be able to extract, explore, mine and experiment with data to answer critical business problems. While uncovering insights and identifying patterns are necessary, candidate is expected to have strong programming skills in Python, Spark/MLlib, SQL, Hadoop, Hive/Pig, and ETL techniques.

Daily tasks include but not limited to:

- Strong focus on designing and architecting high performing and scalable enterprise solutions.
- Taking ownership of implementing the Machine Learning Models in Python, PySpark and other related technology, including doing hands on development activities.
- Develop, test, implement and maintain application in the related version control tool and adhere to the best practices for code check-in and checkout.
- Develop unit test cases for the code developed and execute thorough testing before promoting the code to higher environments
- Taking ownership of implementing coding best practices and adhering to industry standard code quality.
-Support deployment activities for QA and Production and resolve issue if any during the process
-Fix defects arising from QA testing and Post production implementation
-Maintain Jira stories for every requirement and update based on the work completed
-Collaborating with other IT, QA and Production Management teams to ensure smooth end to end delivery.
- Highlighting project and delivery risks proactively and offering mitigation options accordingly.
- Abiding by Tech & Data Policies, Procedures, and SDLC/PLC requirements.
- Support the BAU process for Access management include all of above


Reporting to: VP of WM Access management team. This team is responsible for the development and maintenance of ML models used extensively across Access Controls and processes, the analytics and insights help to control the risk and scrutinize users access to applications on the Wealth Management Financial Advisor platform.
Skills Required
- 8+ years of prior Technical lead Experience
- 4-6 years of working across Analytics & Machine Learning domain
- Proficiency in machine learning and data mining techniques – Feature engineering, regression, classification, clustering, dimensionality reduction, time series analysis etc.
- Extensive experience in Data Analysis - Skilled in uncovering insights and identifying patterns
- Proven experience in Neural Network implementation – CNN’s and RNN’s
- Proven experience in implementing models using Python/PySpark
- Good understanding of Statistics.
- Must have strong SQL experience
- Expertise in handling large data volumes in distributed systems
- Strong command over Big Data technologies – Hadoop, Hive, Impala
- Good experience in Linux-based Environment
- Ability to work in fast paced and dynamic environment.
- Excellent Communication and presentation skills
- Experience working with global teams.
Skills Desired
- Understanding of various Visualization platforms (Tableau, Qlikview, others)
- Experience with Scala will be a big plus.
- Experience of developing Data Pipeline for ML Applications
- Exposure to NLP and Text mining
- Access Management domain knowledge",4.0,"Morgan Stanley
4.0",Bangalore,-1,10000+ Employees,1935,Company - Public,Investment Banking & Asset Management,Finance,$10+ billion (USD),-1
Business Analyst - Data Scientist,₹479K-₹700K (Glassdoor est.),"With a startup spirit and 90,000+ curious and courageous minds, we have the expertise to go deep with the world’s biggest brands—and we have fun doing it. Now, we’re calling all you rule-breakers and risk-takers who see the world differently, and are bold enough to reinvent it. Come, transform with us.
Transformation happens here. Come, be a part of our exciting journey!
Are you the one we are looking for?
Inviting applications for the role of BA, Data Scientist
The position is based out of Bangalore, India and the focus of the role is to have enterprise level experience for Data Model Migration (legacy modernization) and being able to setup the new modeling architecture and help develop an efficient & streamlined process for ETL/WB, model development, validation, scoring, monitoring, etc and mentor the team as well.
Key Responsibilities:
Deploying analytics solutions and enable tracking of business outcomes.
Responsible for Model Migration.
Project Management, Mentoring Junior members in the team and Client Interaction.
Ensuring Quality through compliance to framework, architecture and coding standards.
Selecting features, building and optimizing classifiers using machine learning techniques.
Prior Experience with Model migration from legacy to Modern setups (e.g. SAS model to Python / PySpark scripts)
Experience with Hadoop, Spark
Experience with Cloud based services a plus – Google Cloud, AWS, Azure services used for Data storage and Data ingestion/ transformation like S3, ADF, Glue etc.
Predictive Analytics – Hands-on experience in AI and Machine Learning
Good applied statistics skills, such as distributions, statistical testing, regression etc.
Building and implementing models, algorithms and simulations and executing the same using a variety of Tools
Very good scripting and programming skills necessary to build and efficient and streamlined process/environment
Experience with implementing analytical models
Hands on experience in
Code Versioning Tool - GitHub
Experience in relational and NoSQL Databases
Knowledge on Agile methodology
Qualifications
Minimum qualifications
B.E. in Computer Science, Information systems, or Computer engineering, Systems Engineering or M.S. in Statistics
Relevant work experience in Data Science/advanced programming and in Data Engineering Practice and Platforms
Mathematics and Statistical Background
High level of intellectual curiosity about the use of data engineering and Analytics
Extensive Experience with Analytics products and solutions
Preferred qualifications
Passion for technology and a keen learner to stay abreast on what’s latest
Ability to encourage and inspire change in technology application
Ability to work in varied LOBs and with multiple partners
Conflict management and negotiation skills
Skill gap identification and development of our global teams
Excellent verbal and written communication skills
Genpact is an Equal Opportunity Employer and considers applicants for all positions without regard to race, color, religion or belief, sex, age, national origin, citizenship status, marital status, military/veteran status, genetic information, sexual orientation, gender identity, physical or mental disability or any other characteristic protected by applicable laws. Genpact is committed to creating a dynamic work environment that values diversity and inclusion, respect and integrity, customer focus, and innovation. For more information, visit www.genpact.com. Follow us on Twitter, Facebook, LinkedIn, and YouTube.",3.8,"Genpact
3.8",Bangalore,-1,10000+ Employees,1997,Company - Public,IT Services,Information Technology,$2 to $5 billion (USD),-1
